"姓（ローマ字）","名（ローマ字）","メールアドレス"
"Mori","Saiko","s.mori@example.com"
"Shimada","Hisashi","h.shimada@example.com"
"Nagumo","Takashi","t.nagumo@example.com"
"Yamaguchi","Miho","m.yamaguchi@example.com"
"Mochizuki","Masato","m.mochizuki@example.com"
"Inenaga","Yumi","y.inenaga@example.com"
"Suzuki","Yuka","y.suzuki@example.com"
"Haga","Yuuko","y.haga@example.com"
"Wada","Akira","a.wada@example.com"
"Aoki","Kiyoshi","k.aoki@example.com"
"Miho","Hiroko","h.miho@example.com"
"Ide","Kyouhei","k.ide@example.com"
"Tatematsu","Hirofumi","h.tatematsu@example.com"
"Okamoto","Kazuhiro","k.okamoto@example.com"
"Kojima","Hideaki","h.kojima@example.com"
"Nakai","Yuuka","y.nakai@example.com"
"Osaka","Yumi","y.osaka@example.com"
"Sato","Ken","k.sato@example.com"
"Okada","Yumi","y.okada@example.com"
"Kurashige","Kana","k.kurashige@example.com"
"Shinoda","Masae","m.shinoda@example.com"
"Shiiya","Emiko","e.shiiya@example.com"
"Ota","Yuuko","y.ota@example.com"
"Watanabe","Motoki","m.watanabe@example.com"
"Fuku","Motofumi","m.fuku@example.com"
"Sakai","Naho","n.sakai@example.com"
"Tomura","Yuuko","y.tomura@example.com"
"Takeuchi","Nobuyuki","n.takeuchi@example.com"
"Wada","Miho","m.wada@example.com"
"Okada","Tadayuki","t.okada@example.com"
"Akiyama","Masahiko","m.akiyama@example.com"
"Takeyama","Muneyuki","m.takeyama@example.com"
"Taniguchi","Michiko","m.taniguchi@example.com"
"Shinozaki","Mina","m.shinozaki@example.com"
"Hayashi","Hiroki","h.hayashi@example.com"
"Fujimoto","Kenta","k.fujimoto@example.com"
"Tsuji","Chiaki","c.tsuji@example.com"
"Usui","Chie","c.usui@example.com"
"Ide","Noriko","n.ide@example.com"
"Ichikawa","Youko","y.ichikawa@example.com"
"Suzuki","Rumiko","r.suzuki@example.com"
"Ishiguro","Shouji","s.ishiguro@example.com"
"Gunji","Youko","y.gunji@example.com"
"Fujita","Tooru","t.fujita@example.com"
"Yama","Ryou","r.yama@example.com"
"Kumano","Yumi","y.kumano@example.com"
"Fukuda","Kyouko","k.fukuda@example.com"
"Abe","Masahiro","m.abe@example.com"
"Mizoguchi","Motoki","m.mizoguchi@example.com"
"Tani","Tomoya","t.tani@example.com"
"Matsumoto","Ichirou","i.matsumoto@example.com"
"Usui","Junichi","j.usui@example.com"
"Imai","Shintarou","s.imai@example.com"
"Nakahata","Keiko","k.nakahata@example.com"
"Matsumoto","Chiharu","c.matsumoto@example.com"
"Kobayashi","Hiroyuki","h.kobayashi@example.com"
"Sato","Yoshie","y.sato@example.com"
"Takahashi","Hiroyuki","h.takahashi@example.com"
"Takeuchi","Tomoko","t.takeuchi@example.com"
"Yamada","Orie","o.yamada@example.com"
"Hirakawa","Hiroyuki","h.hirakawa@example.com"
"Hashimoto","Shouko","s.hashimoto@example.com"
"Ochiai","Manabu","m.ochiai@example.com"
"Oikawa","Mou","m.oikawa@example.com"
"Terada","Toshiaki","t.terada@example.com"
"Katsube","Mihoko","m.katsube@example.com"
"Hosaka","Yoshihiko","y.hosaka@example.com"
"Wakao","Miyuki","m.wakao@example.com"
"Goto","Seiji","s.goto@example.com"
"Miyoshi","Minoru","m.miyoshi@example.com"
"Imai","Toshiyuki","t.imai@example.com"
"Shibukawa","Daigo","d.shibukawa@example.com"
"Arai","Yutaka","y.arai@example.com"
"Makino","Tsutomu","t.makino@example.com"
"Kuroda","Yoshihiro","y.kuroda@example.com"
"Saruwatari","Sayaka","s.saruwatari@example.com"
"Matsumoto","Saya","s.matsumoto@example.com"
"Kobayashi","Kanae","k.kobayashi@example.com"
"Kurita","Tomoki","t.kurita@example.com"
"Doi","Nanae","n.doi@example.com"
"Inamoto","Kumiko","k.inamoto@example.com"
"Izumi","Tomoaki","t.izumi@example.com"
"Ito","Satoko","s.ito@example.com"
"Kawasaki","Tomoka","t.kawasaki@example.com"
"Kanda","Mie","m.kanda@example.com"
"Moriwaki","Ryuuji","r.moriwaki@example.com"
"Ikari","Mika","m.ikari@example.com"
"Nagashima","Tooru","t.nagashima@example.com"
"Kitade","Mai","m.kitade@example.com"
"Miyashita","Yuuko","y.miyashita@example.com"
"Baba","Shigeru","s.baba@example.com"
"Yamada","Makoto","m.yamada@example.com"
"Hidaka","Shin","s.hidaka@example.com"
"Shirai","Toshio","t.shirai@example.com"
"Ichinose","Masato","m.ichinose@example.com"
"Omori","Kenji","k.omori@example.com"
"Sugita","Koji","k.sugita@example.com"
"Oshita","Yukie","y.oshita@example.com"
"Fujiwara","Yukari","y.fujiwara@example.com"
"Komachi","Takahisa","t.komachi@example.com"
"Maruyama","Madoka","m.maruyama@example.com"
"Oya","Rie","r.oya@example.com"
"Yoshino","Masatoshi","m.yoshino@example.com"
"Shiina","Mitsuru","m.shiina@example.com"
"Uchida","Shuuji","s.uchida@example.com"
"Miura","Yuujirou","y.miura@example.com"
"Kagaya","Yutaka","y.kagaya@example.com"
"Ito","Yoshio","y.ito@example.com"
"Komori","Koichi","k.komori@example.com"
"Matsuura","Kana","k.matsuura@example.com"
"Ikeda","Yuuzou","y.ikeda@example.com"
"Sonoda","Minoru","m.sonoda@example.com"
"Yasui","Seiji","s.yasui@example.com"
"Okajima","Maki","m.okajima@example.com"
"Arai","Sachi","s.arai@example.com"
"Ichikawa","Naoto","n.ichikawa@example.com"
"Kimura","Tomomi","t.kimura@example.com"
"Yamada","Emi","e.yamada@example.com"
"Yoshida","Ryouko","r.yoshida@example.com"
"Yamamoto","Kota","k.yamamoto@example.com"
"Oda","Ayumi","a.oda@example.com"
"Sato","Seiichirou","s.sato@example.com"
"Kobayashi","Kyouko","k.kobayashi@example.com"
"Ogawa","Masaki","m.ogawa@example.com"
"Ochi","Kana","k.ochi@example.com"
"Fukushima","Hirofumi","h.fukushima@example.com"
"Kobayashi","Masato","m.kobayashi@example.com"
"Imagawa","Yoshimi","y.imagawa@example.com"
"Tamura","Hiroaki","h.tamura@example.com"
"Maesato","Nobuaki","n.maesato@example.com"
"Ueno","Takumi","t.ueno@example.com"
"Saito","Ayako","a.saito@example.com"
"Sato","Moe","m.sato@example.com"
"Higashiyama","Shougo","s.higashiyama@example.com"
"Yamamoto","Keiko","k.yamamoto@example.com"
"Moriguchi","Yuka","y.moriguchi@example.com"
"Nakamura","Makoto","m.nakamura@example.com"
"Otsuka","Keiko","k.otsuka@example.com"
"Hikichi","Yumi","y.hikichi@example.com"
"Matsuoka","Kazuki","k.matsuoka@example.com"
"Kojima","Reiko","r.kojima@example.com"
"Kurokawa","Shiori","s.kurokawa@example.com"
"Sato","Kensuke","k.sato@example.com"
"Konishi","Hajime","h.konishi@example.com"
"Inoue","Akira","a.inoue@example.com"
"Murao","Koji","k.murao@example.com"
"Mukai","Keisuke","k.mukai@example.com"
"Sato","Hideki","h.sato@example.com"
"Aizawa","Kenichirou","k.aizawa@example.com"
"Hanawa","Aoi","a.hanawa@example.com"
"Hashimoto","Hidehiko","h.hashimoto@example.com"
"Yoshiyama","Hiroshi","h.yoshiyama@example.com"
"Ota","Ryouta","r.ota@example.com"
"Nagayama","Yuuya","y.nagayama@example.com"
"Namekawa","Masayuki","m.namekawa@example.com"
"Oshima","Yuuichirou","y.oshima@example.com"
"Furuya","Shinichi","s.furuya@example.com"
"Matsumoto","Yasuyuki","y.matsumoto@example.com"
"Hagino","Yuusuke","y.hagino@example.com"
"Naka","Hiroshi","h.naka@example.com"
"Nishiyama","Azusa","a.nishiyama@example.com"
"Kubo","Taira","t.kubo@example.com"
"Uno","Kentarou","k.uno@example.com"
"Taniuchi","Miyuki","m.taniuchi@example.com"
"Yoda","Taizou","t.yoda@example.com"
"Yanagawa","Yoshihiro","y.yanagawa@example.com"
"Iijima","Yoshiaki","y.iijima@example.com"
"Kato","Ryousuke","r.kato@example.com"
"Endou","Masanori","m.endou@example.com"
"Tayama","Naoki","n.tayama@example.com"
"Higashide","Hiroshi","h.higashide@example.com"
"Kuroki","Hideto","h.kuroki@example.com"
"Fujie","Masaji","m.fujie@example.com"
"Maeda","Takuya","t.maeda@example.com"
"Suzuki","Yuuki","y.suzuki@example.com"
"Iwasaki","Kosuke","k.iwasaki@example.com"
"Uehara","Yuuko","y.uehara@example.com"
"Ito","Shingo","s.ito@example.com"
"Shibata","Kazumasa","k.shibata@example.com"
"Nakatani","Tsuyoshi","t.nakatani@example.com"
"Kato","Kazuki","k.kato@example.com"
"Sato","Masami","m.sato@example.com"
"Matsuda","Aiko","a.matsuda@example.com"
"Niwa","Yukiko","y.niwa@example.com"
"Hasegawa","Noriko","n.hasegawa@example.com"
"Okubo","Yuzu","y.okubo@example.com"
"Takakuwa","Tsuyoshi","t.takakuwa@example.com"
"Furukawa","Manabu","m.furukawa@example.com"
"Kasahara","Shimpei","s.kasahara@example.com"
"Chiba","Saiko","s.chiba@example.com"
"Muramoto","Kazuo","k.muramoto@example.com"
"Kunii","Youko","y.kunii@example.com"
"Imafuku","Hideo","h.imafuku@example.com"
"Onoda","Eiji","e.onoda@example.com"
"Yoshikawa","Takeru","t.yoshikawa@example.com"
"Naoi","Takashi","t.naoi@example.com"
"Takahashi","Akiko","a.takahashi@example.com"
"Kaneko","Yoshiko","y.kaneko@example.com"
"Inoue","Mika","m.inoue@example.com"
"Ono","Hirofumi","h.ono@example.com"
"Kita","Misa","m.kita@example.com"
"Takahashi","Tatsuya","t.takahashi@example.com"
"Tamagawa","Yoshihide","y.tamagawa@example.com"
"Shiga","Masaaki","m.shiga@example.com"
"Moroi","Makiko","m.moroi@example.com"
"Tsunoda","Sumire","s.tsunoda@example.com"
"Takahashi","Yuka","y.takahashi@example.com"
"Takase","Masahiro","m.takase@example.com"
"Torii","Kohei","k.torii@example.com"
"Sato","Masaru","m.sato@example.com"
"Takahashi","Yukiko","y.takahashi@example.com"
"Seki","Ayumi","a.seki@example.com"
"Aoki","Yuuko","y.aoki@example.com"
"Watanabe","Miki","m.watanabe@example.com"
"Nakayama","Mikito","m.nakayama@example.com"
"Nakamura","Taku","t.nakamura@example.com"
"Morishige","Hirotaka","h.morishige@example.com"
"Takamura","Yuuji","y.takamura@example.com"
"Kitada","Hiroyuki","h.kitada@example.com"
"Ibata","Masakazu","m.ibata@example.com"
"Yamauchi","Masashi","m.yamauchi@example.com"
"Fukui","Satoru","s.fukui@example.com"
"Kamiya","Hiroaki","h.kamiya@example.com"
"Takahashi","Junko","j.takahashi@example.com"
"Okawa","Yasumasa","y.okawa@example.com"
"Ueno","Koichi","k.ueno@example.com"
"Otomo","Hiroshi","h.otomo@example.com"
"Yamamoto","Satoshi","s.yamamoto@example.com"
"Kaneko","Ayumi","a.kaneko@example.com"
"Omura","Kana","k.omura@example.com"
"Suzuki","Aya","a.suzuki@example.com"
"Okamoto","Koki","k.okamoto@example.com"
"Otsuka","Yuuichi","y.otsuka@example.com"
"Takeda","Hideyuki","h.takeda@example.com"
"Sugiyama","Michiko","m.sugiyama@example.com"
"Yamamoto","Osamu","o.yamamoto@example.com"
"Suzuki","Yasushi","y.suzuki@example.com"
"Yoshida","Emi","e.yoshida@example.com"
"Mizuno","Ai","a.mizuno@example.com"
"Hinata","Hikaru","h.hinata@example.com"
"Suzuki","Kazumasa","k.suzuki@example.com"
"Nagata","Saori","s.nagata@example.com"
"Matsuo","Daichi","d.matsuo@example.com"
"Hashizume","Yuka","y.hashizume@example.com"
"Oyanagi","Shuusaku","s.oyanagi@example.com"
"Ishihara","Akira","a.ishihara@example.com"
"Tsurumi","Haruo","h.tsurumi@example.com"
"Sasaki","Kana","k.sasaki@example.com"
"Arita","Hitoshi","h.arita@example.com"
"Tanaka","Soichirou","s.tanaka@example.com"
"Koido","Yuka","y.koido@example.com"
"Ueda","Kenichirou","k.ueda@example.com"
"Sasaki","Manabu","m.sasaki@example.com"
"Fukumaru","Maho","m.fukumaru@example.com"
"Watanabe","Taku","t.watanabe@example.com"
"Ozaki","Masato","m.ozaki@example.com"
"Muto","Kenichirou","k.muto@example.com"
"Yamada","Akiko","a.yamada@example.com"
"Kimura","Yoshihito","y.kimura@example.com"
"Negishi","Akane","a.negishi@example.com"
"Kondou","Yasuyo","y.kondou@example.com"
"Maki","Kentarou","k.maki@example.com"
"Kato","Masayuki","m.kato@example.com"
"Sakai","Ayano","a.sakai@example.com"
"Arai","Manabu","m.arai@example.com"
"Yoshikawa","Kohei","k.yoshikawa@example.com"
"Ishimaru","Tadashi","t.ishimaru@example.com"
"Ichida","Hidehito","h.ichida@example.com"
"Kuwabara","Risa","r.kuwabara@example.com"
"Tanaka","Hiroyuki","h.tanaka@example.com"
"Okabe","Masayuki","m.okabe@example.com"
"Kido","Katsunori","k.kido@example.com"
"Aoki","Hideaki","h.aoki@example.com"
"Hasegawa","Tsuyoshi","t.hasegawa@example.com"
"Takayasu","Makiko","m.takayasu@example.com"
"Naya","Shigeki","s.naya@example.com"
"Kobayashi","Yuusuke","y.kobayashi@example.com"
"Kitani","Katsutoshi","k.kitani@example.com"
"Takahashi","Toshiyuki","t.takahashi@example.com"
"Inoue","Naoya","n.inoue@example.com"
"Nakahara","Takae","t.nakahara@example.com"
"Horie","Yutaka","y.horie@example.com"
"Nishii","Satoshi","s.nishii@example.com"
"Ohashi","Kazuaki","k.ohashi@example.com"
"Kimura","Kenta","k.kimura@example.com"
"Maeno","Ryuuichi","r.maeno@example.com"
"Seki","Minako","m.seki@example.com"
"Nakano","Sakiko","s.nakano@example.com"
"Nakamoto","Eriko","e.nakamoto@example.com"
"Sato","Keiji","k.sato@example.com"
"Yabiku","Hirofumi","h.yabiku@example.com"
"Imawaka","Yuuji","y.imawaka@example.com"
"Ishimaru","Yuusuke","y.ishimaru@example.com"
"Kaneda","Emi","e.kaneda@example.com"
"Onishi","Kazuhiro","k.onishi@example.com"
"Nakajima","Daisuke","d.nakajima@example.com"
"Nishimura","Yuki","y.nishimura@example.com"
"Odawara","Miwako","m.odawara@example.com"
"Sakai","Masahiro","m.sakai@example.com"
"Kai","Kohei","k.kai@example.com"
"Arasaki","Ryuuichi","r.arasaki@example.com"
"Suzuki","Ayako","a.suzuki@example.com"
"Maekawa","Asuka","a.maekawa@example.com"
"Nagata","Hideaki","h.nagata@example.com"
"Konishi","Shinya","s.konishi@example.com"
"Ishida","Tan","t.ishida@example.com"
"Takeuchi","Takumi","t.takeuchi@example.com"
"Yamazaki","Shin","s.yamazaki@example.com"
"Naruse","Yuri","y.naruse@example.com"
"Yamashita","Shinji","s.yamashita@example.com"
"Kawamura","Yoshio","y.kawamura@example.com"
"Oba","Emiko","e.oba@example.com"
"Maruta","Makoto","m.maruta@example.com"
"Sonoda","Kiwa","k.sonoda@example.com"
"Sakimura","Hironobu","h.sakimura@example.com"
"Sue","Chiaki","c.sue@example.com"
"Ito","Miyuki","m.ito@example.com"
"Sashida","Akiko","a.sashida@example.com"
"Murayama","Youhei","y.murayama@example.com"
"Takizawa","Yuuko","y.takizawa@example.com"
"Arasawa","Kiyoshi","k.arasawa@example.com"
"Kawata","Mou","m.kawata@example.com"
"Kamio","Masato","m.kamio@example.com"
"Shimokawa","Tsubasa","t.shimokawa@example.com"
"Sato","Shintarou","s.sato@example.com"
"Fukui","Keiko","k.fukui@example.com"
"Adachi","Hiroyuki","h.adachi@example.com"
"Iwamoto","Noriyuki","n.iwamoto@example.com"
"Tsuboi","Naoyuki","n.tsuboi@example.com"
"Koizumi","Yuusaku","y.koizumi@example.com"
"Minamoto","Kazumi","k.minamoto@example.com"
"Fukui","Koji","k.fukui@example.com"
"Andou","Shoutarou","s.andou@example.com"
"Kobayashi","Akiko","a.kobayashi@example.com"
"Andou","Hisashi","h.andou@example.com"
"Yoshimoto","Shizuka","s.yoshimoto@example.com"
"Abe","Muneyuki","m.abe@example.com"
"Yoshii","Takashi","t.yoshii@example.com"
"Terakado","Yuuko","y.terakado@example.com"
"Nakamura","Chieko","c.nakamura@example.com"
"Furuhata","Aki","a.furuhata@example.com"
"Kita","Akira","a.kita@example.com"
"Kishida","Masaru","m.kishida@example.com"
"Ogawa","Reiko","r.ogawa@example.com"
"Kitsukawa","Miki","m.kitsukawa@example.com"
"Kurita","Ryou","r.kurita@example.com"
"Muto","Maiko","m.muto@example.com"
"Noda","Masahito","m.noda@example.com"
"Morita","Takuji","t.morita@example.com"
"Sasaki","Yoshiaki","y.sasaki@example.com"
"Hirayama","Ayumi","a.hirayama@example.com"
"Murahashi","Miyuki","m.murahashi@example.com"
"Murakami","Ritsuko","r.murakami@example.com"
"Yamaguchi","Shou","s.yamaguchi@example.com"
"Miyake","Norifumi","n.miyake@example.com"
"Koga","Ken","k.koga@example.com"
"Ishizuka","Tomoko","t.ishizuka@example.com"
"Mishina","Tae","t.mishina@example.com"
"Kurihara","Mizuki","m.kurihara@example.com"
"Uchida","Shinji","s.uchida@example.com"
"Natsume","Akimi","a.natsume@example.com"
"Tanaka","Mika","m.tanaka@example.com"
"Tsuji","Takahiro","t.tsuji@example.com"
"Kato","Mitsuhiro","m.kato@example.com"
"Kanai","Akihiro","a.kanai@example.com"
"Matsushima","Shunsuke","s.matsushima@example.com"
"Nakaoka","Ran","r.nakaoka@example.com"
"Odaka","Tomoyuki","t.odaka@example.com"
"Sato","Kazuyoshi","k.sato@example.com"
"Orui","Nobutaka","n.orui@example.com"
"Ishida","Akira","a.ishida@example.com"
"Watanabe","Toshihiro","t.watanabe@example.com"
"Takesako","Takahiro","t.takesako@example.com"
"Kume","Kota","k.kume@example.com"
"Nagami","Masaaki","m.nagami@example.com"
"Miyamoto","Keisuke","k.miyamoto@example.com"
"Takano","Takeru","t.takano@example.com"
"Kaji","Tomoyuki","t.kaji@example.com"
"Onishi","Kayo","k.onishi@example.com"
"Suzuki","Noriyuki","n.suzuki@example.com"
"Miyagi","Shigeru","s.miyagi@example.com"
"Kitano","Mahito","m.kitano@example.com"
"Yamaguchi","Makoto","m.yamaguchi@example.com"
"Nakamura","Yuusuke","y.nakamura@example.com"
"Matsumoto","Yumiko","y.matsumoto@example.com"
"Tanioka","Moe","m.tanioka@example.com"
"Munakata","Yuuki","y.munakata@example.com"
"Ikegame","Yuka","y.ikegame@example.com"
"Kiuchi","Takahiro","t.kiuchi@example.com"
"Noda","Yousuke","y.noda@example.com"
"Otaka","Shuuji","s.otaka@example.com"
"Shiraishi","Youko","y.shiraishi@example.com"
"Takagi","Noriko","n.takagi@example.com"
"Yamada","Ayaka","a.yamada@example.com"
"Matsumoto","Yuuya","y.matsumoto@example.com"
"Kugimiya","Kazumi","k.kugimiya@example.com"
"Yamamoto","Chihiro","c.yamamoto@example.com"
"Okumura","Kenji","k.okumura@example.com"
"Hosokawa","Shigeru","s.hosokawa@example.com"
"Matsuda","Shinsuke","s.matsuda@example.com"
"Hashimoto","Kazu","k.hashimoto@example.com"
"Takeuchi","Tomohiro","t.takeuchi@example.com"
"Sugiyama","Akiko","a.sugiyama@example.com"
"Ouchi","Yuuta","y.ouchi@example.com"
"Saito","Yuuko","y.saito@example.com"
"Tsuchiya","Yukiyo","y.tsuchiya@example.com"
"Hatano","Emi","e.hatano@example.com"
"Kikuchi","Shinichi","s.kikuchi@example.com"
"Sato","Naoko","n.sato@example.com"
"Shibasaki","Ken","k.shibasaki@example.com"
"Ogawa","Kyouko","k.ogawa@example.com"
"Sano","Tomoko","t.sano@example.com"
"Kaminaga","Chieko","c.kaminaga@example.com"
"Uematsu","Akiko","a.uematsu@example.com"
"Kuribayashi","Kiyoshi","k.kuribayashi@example.com"
"Maeda","Nozomi","n.maeda@example.com"
"Manabe","Rie","r.manabe@example.com"
"Umeda","Yasuko","y.umeda@example.com"
"Koyanagi","Masashi","m.koyanagi@example.com"
"Kawamura","Mayuki","m.kawamura@example.com"
"Ohira","Tomomi","t.ohira@example.com"
"Sugiura","Chie","c.sugiura@example.com"
"Kawahara","Arisa","a.kawahara@example.com"
"Kasai","Nozomi","n.kasai@example.com"
"Osaka","Shinobu","s.osaka@example.com"
"Yamaguchi","Shouko","s.yamaguchi@example.com"
"Nakajima","Daisuke","d.nakajima@example.com"
"Ono","Tomoko","t.ono@example.com"
"Nagahashi","Takatoshi","t.nagahashi@example.com"
"Omata","Chie","c.omata@example.com"
"Yamamoto","Mizuho","m.yamamoto@example.com"
"Narui","Reiko","r.narui@example.com"
"Matsuzaki","Hiroaki","h.matsuzaki@example.com"
"Ogawa","Yuuki","y.ogawa@example.com"
"Wakui","Kentarou","k.wakui@example.com"
"Shimizu","Tomoko","t.shimizu@example.com"
"Yasui","Akihisa","a.yasui@example.com"
"Nakasu","Hidenori","h.nakasu@example.com"
"Kitajima","Satoru","s.kitajima@example.com"
"Suzuki","Tatsuya","t.suzuki@example.com"
"Fukushige","Masanori","m.fukushige@example.com"
"Miyatake","Shinya","s.miyatake@example.com"
"Kurokawa","Hirokazu","h.kurokawa@example.com"
"Sato","Kazuko","k.sato@example.com"
"Yamada","Takashi","t.yamada@example.com"
"Ebata","Ayako","a.ebata@example.com"
"Aoyagi","Yuuko","y.aoyagi@example.com"
"Takahashi","Masahiko","m.takahashi@example.com"
"Hirono","Tarou","t.hirono@example.com"
"Mitsuno","Rina","r.mitsuno@example.com"
"Watanabe","Mari","m.watanabe@example.com"
"Naka","Hiroyuki","h.naka@example.com"
"Oda","Tsuyoshi","t.oda@example.com"
"Oshita","Takashi","t.oshita@example.com"
"Inoue","Yutaka","y.inoue@example.com"
"Matsushita","Ayako","a.matsushita@example.com"
"Shibata","Masaki","m.shibata@example.com"
"Osumi","Maki","m.osumi@example.com"
"Suzuki","Yoshiaki","y.suzuki@example.com"
"Nakamura","Hideaki","h.nakamura@example.com"
"Yoshida","Junko","j.yoshida@example.com"
"Kawakami","Hiroshi","h.kawakami@example.com"
"Oyama","Sachiko","s.oyama@example.com"
"Asao","Kazuo","k.asao@example.com"
"Tamura","Kazuya","k.tamura@example.com"
"Sugawara","Mie","m.sugawara@example.com"
"Yamazaki","Michiyo","m.yamazaki@example.com"
"Yoshida","Youko","y.yoshida@example.com"
"Yasuda","Mariko","m.yasuda@example.com"
"Mochizuki","Michiyo","m.mochizuki@example.com"
"Yoshimoto","Eri","e.yoshimoto@example.com"
"Nishida","Kenzou","k.nishida@example.com"
"Mae","Yoshimi","y.mae@example.com"
"Nakamura","Shuu","s.nakamura@example.com"
"Koyama","Hiroshi","h.koyama@example.com"
"Kuze","Shinsuke","s.kuze@example.com"
"Uchida","Masayuki","m.uchida@example.com"
"Suzuki","Yoshiaki","y.suzuki@example.com"
"Yazawa","Kanako","k.yazawa@example.com"
"Fukuhara","Tatsuhiko","t.fukuhara@example.com"
"Tarui","Miyuki","m.tarui@example.com"
"Kusumoto","Kyouko","k.kusumoto@example.com"
"Hirayama","Yuki","y.hirayama@example.com"
"Goto","Masako","m.goto@example.com"
"Yamamoto","Masakazu","m.yamamoto@example.com"
"Mieno","Kie","k.mieno@example.com"
"Yuuki","Yuuki","y.yuuki@example.com"
"Sasaki","Ikuko","i.sasaki@example.com"
"Suematsu","Mika","m.suematsu@example.com"
"Ishida","Kana","k.ishida@example.com"
"Akiyama","Ayumi","a.akiyama@example.com"
"Yasumura","Hitoshi","h.yasumura@example.com"
"Fujita","Naohisa","n.fujita@example.com"
"Iijima","Nozomi","n.iijima@example.com"
"Akasaka","Akari","a.akasaka@example.com"
"Kobayashi","Akiko","a.kobayashi@example.com"
"Iseki","Fumitake","f.iseki@example.com"
"Tsunoda","Yuusuke","y.tsunoda@example.com"
"Tsuchiya","Jun","j.tsuchiya@example.com"
"Tokutake","Nobuyuki","n.tokutake@example.com"
